scenario,child,parent,metric,best_fit_coeff,boot_median,boot_p2_5,boot_p97_5,ci_width,n_kept,n_total,gof_best_fit,gof_crit,gof_pct_boot_worse,gof_pct_resampled_better
CT-5 & CT-6 to CT-4,CT-4,CT-5,vmax,0.2716163088341102,0.2634010474734664,0.07761013713010011,0.4486008046691432,0.3709906675390431,9822,10000,0.05161175102195117,0.1103896103896104,0.1044,0.589
CT-5 & CT-6 to CT-4,CT-4,CT-6,vmax,0.7283836911658899,0.7365989525265337,0.5513991953308568,0.9223898628699,0.3709906675390432,9822,10000,0.05161175102195117,0.1103896103896104,0.1044,0.589
CT-5 & CT-6 to CT-10,CT-10,CT-5,vmax,0.663687307145245,0.6364123508102753,0.34590655925367486,0.840668478963059,0.4947619197093841,9997,10000,0.1304147039483598,0.1231527093596058,0.6466,0.9342
CT-5 & CT-6 to CT-10,CT-10,CT-6,vmax,0.3363126928547551,0.3635876491897247,0.1593315210369413,0.6540934407463251,0.4947619197093839,9997,10000,0.1304147039483598,0.1231527093596058,0.6466,0.9342
CT-5 & CT-6 to CT-11,CT-11,CT-5,vmax,0.4946048589826401,0.4587896724849908,0.18277836914473242,0.7240210306700873,0.5412426615253548,9991,10000,0.1287978621132226,0.1209302325581395,0.7151,0.9498
CT-5 & CT-6 to CT-11,CT-11,CT-6,vmax,0.5053951410173599,0.5412103275150091,0.2759789693299129,0.8172216308552676,0.5412426615253547,9991,10000,0.1287978621132226,0.1209302325581395,0.7151,0.9498
CT-5 & CT-6 to CT-8.2,CT-8.2,CT-5,vmax,0.5592436573386441,0.5582933276530795,0.29381397204165666,0.7654399667556402,0.47162599471398353,9992,10000,0.1323365127528931,0.1216216216216217,0.5401,0.9001
CT-5 & CT-6 to CT-8.2,CT-8.2,CT-6,vmax,0.4407563426613558,0.4417066723469205,0.23456003324435992,0.7061860279583437,0.4716259947139838,9992,10000,0.1323365127528931,0.1216216216216217,0.5401,0.9001
CT-8.2 & CT-3* to CT-9,CT-9,CT-8.2,vmax,0.8305897988391967,0.8714355307984905,0.7497386816710369,0.9610838902423673,0.21134520857133043,9983,10000,0.1717821170282231,0.1200000000000001,0.9825,0.9942
CT-8.2 & CT-3* to CT-9,CT-9,CT-3,vmax,0.1694102011608034,0.1285644692015097,0.03891610975763281,0.2502613183289632,0.21134520857133038,9983,10000,0.1717821170282231,0.1200000000000001,0.9825,0.9942
CT-4 & CT-3* to CT-9,CT-9,CT-4,vmax,0.937480464786899,0.9332725362564847,0.8469828449140581,0.9702957058839622,0.12331286096990413,8158,10000,0.1966394525151566,0.1200000000000001,0.9983,0.9993
CT-4 & CT-3* to CT-9,CT-9,CT-3,vmax,0.06251953521310112,0.06672746374351538,0.029704294116037908,0.153017155085942,0.12331286096990408,8158,10000,0.1966394525151566,0.1200000000000001,0.9983,0.9993
CT-10 & CT-3* to CT-9,CT-9,CT-10,vmax,0.8814328055399081,0.8681806319902342,0.7430704268368252,0.9500024149080623,0.20693198807123703,9999,10000,0.1541877940113279,0.1200000000000001,0.9728,0.9939
CT-10 & CT-3* to CT-9,CT-9,CT-3,vmax,0.1185671944600919,0.1318193680097658,0.04999758509193771,0.2569295731631749,0.20693198807123717,9999,10000,0.1541877940113279,0.1200000000000001,0.9728,0.9939
CT-11 & CT-3* to CT-9,CT-9,CT-11,vmax,0.8600001099177619,0.8873810376708104,0.7584727003669677,0.9585166665809917,0.20004396621402398,9998,10000,0.156209756067879,0.1200000000000001,0.9835,0.9957
CT-11 & CT-3* to CT-9,CT-9,CT-3,vmax,0.1399998900822381,0.11261896232918944,0.04148333341900838,0.24152729963303193,0.20004396621402354,9998,10000,0.156209756067879,0.1200000000000001,0.9835,0.9957
CT-8.2 & CT-3* to CT-2,CT-2,CT-8.2,vmax,0.8096584424570241,0.822857819587186,0.7533047690649949,0.9035858326200121,0.15028106355501725,10000,10000,0.1644011534945331,0.1235059760956175,0.9971,0.9982
CT-8.2 & CT-3* to CT-2,CT-2,CT-3,vmax,0.1903415575429759,0.1771421804128141,0.09641416737998777,0.24669523093500506,0.1502810635550173,10000,10000,0.1644011534945331,0.1235059760956175,0.9971,0.9982
CT-4 & CT-3* to CT-2,CT-2,CT-4,vmax,0.893301134296692,0.9070355313626683,0.8229211087730108,0.9668643404908908,0.14394323171787993,9539,10000,0.1466775009814584,0.1235059760956175,0.9743,0.9917
CT-4 & CT-3* to CT-2,CT-2,CT-3,vmax,0.1066988657033081,0.09296446863733167,0.033135659509109135,0.17707889122698903,0.1439432317178799,9539,10000,0.1466775009814584,0.1235059760956175,0.9743,0.9917
CT-10 & CT-3* to CT-2,CT-2,CT-10,vmax,0.7903839180310137,0.8087632358536817,0.7429320160998021,0.8857895198590539,0.14285750375925177,9999,10000,0.1785584936301541,0.1235059760956175,0.9995,0.9995
CT-10 & CT-3* to CT-2,CT-2,CT-3,vmax,0.2096160819689863,0.1912367641463183,0.11421048014094608,0.2570679839001978,0.1428575037592517,9999,10000,0.1785584936301541,0.1235059760956175,0.9995,0.9995
CT-11 & CT-3* to CT-2,CT-2,CT-11,vmax,0.8813573277414739,0.8265935510055443,0.7503506984369145,0.9188436636391901,0.16849296520227564,9999,10000,0.1614371864971752,0.1235059760956175,0.9893,0.9966
CT-11 & CT-3* to CT-2,CT-2,CT-3,vmax,0.1186426722585262,0.1734064489944557,0.0811563363608097,0.2496493015630855,0.1684929652022758,9999,10000,0.1614371864971752,0.1235059760956175,0.9893,0.9966
CT-5 & CT-6 to CT-4,CT-4,CT-5,r2kde,0.2620981911392581,0.27502161085539634,0.09066366534729045,0.4572840045593761,0.3666203392120857,9962,10000,0.9979490759468783,0.9868873765119843,0.0761,0.5408999999999999
CT-5 & CT-6 to CT-4,CT-4,CT-6,r2kde,0.7379018088607419,0.7249783891446038,0.542715995440624,0.9093363346527096,0.3666203392120856,9962,10000,0.9979490759468783,0.9868873765119843,0.0761,0.5408999999999999
CT-5 & CT-6 to CT-10,CT-10,CT-5,r2kde,0.6829840972979259,0.6948944201894391,0.475627770883089,0.9128009522970442,0.43717318141395517,9934,10000,0.9754457431594525,0.9829263572702504,0.8457,0.9709
CT-5 & CT-6 to CT-10,CT-10,CT-6,r2kde,0.3170159027020741,0.3051055798105608,0.08719904770295553,0.524372229116911,0.43717318141395545,9934,10000,0.9754457431594525,0.9829263572702504,0.8457,0.9709
CT-5 & CT-6 to CT-11,CT-11,CT-5,r2kde,0.4756233867503695,0.512940838818495,0.3080294516215836,0.7271862403569037,0.4191567887353201,10000,10000,0.9763614603671334,0.9866448162850229,0.9774,0.9942
CT-5 & CT-6 to CT-11,CT-11,CT-6,r2kde,0.5243766132496305,0.487059161181505,0.272813759643096,0.6919705483784161,0.4191567887353201,10000,10000,0.9763614603671334,0.9866448162850229,0.9774,0.9942
CT-5 & CT-6 to CT-8.2,CT-8.2,CT-5,r2kde,0.608728111772282,0.6267932778031273,0.4197278512427549,0.8481694344371792,0.42844158319442427,9990,10000,0.9903346842292337,0.9850923769301488,0.4869,0.8853
CT-5 & CT-6 to CT-8.2,CT-8.2,CT-6,r2kde,0.391271888227718,0.3732067221968727,0.1518305655628207,0.580272148757245,0.42844158319442427,9990,10000,0.9903346842292337,0.9850923769301488,0.4869,0.8853
CT-8.2 & CT-3* to CT-9,CT-9,CT-8.2,r2kde,0.9537655366864568,0.9511590671098292,0.907062990275736,0.9842824166552371,0.07721942637950108,9762,10000,0.971910691137669,0.9753473258231606,0.9246,0.9846
CT-8.2 & CT-3* to CT-9,CT-9,CT-3,r2kde,0.0462344633135432,0.048840932890170795,0.015717583344762923,0.092937009724264,0.07721942637950108,9762,10000,0.971910691137669,0.9753473258231606,0.9246,0.9846
CT-4 & CT-3* to CT-9,CT-9,CT-4,r2kde,0.9435153368378912,0.9409892415123458,0.9000917295247832,0.9734684826847216,0.07337675315993841,9990,10000,0.9462733238381985,0.9756625563191244,0.9971,0.9985
CT-4 & CT-3* to CT-9,CT-9,CT-3,r2kde,0.0564846631621088,0.05901075848765431,0.026531517315278377,0.0999082704752167,0.07337675315993833,9990,10000,0.9462733238381985,0.9756625563191244,0.9971,0.9985
CT-10 & CT-3* to CT-9,CT-9,CT-10,r2kde,0.9449473075528583,0.9439529387041555,0.9020145038500988,0.9761967527316631,0.07418224888156422,9984,10000,0.9641956173263082,0.9753689633062478,0.9728,0.994
CT-10 & CT-3* to CT-9,CT-9,CT-3,r2kde,0.05505269244714175,0.05604706129584448,0.023803247268336915,0.09798549614990117,0.07418224888156424,9984,10000,0.9641956173263082,0.9753689633062478,0.9728,0.994
CT-11 & CT-3* to CT-9,CT-9,CT-11,r2kde,0.9481852153042736,0.9453771430821821,0.9009362885730866,0.9796998518344684,0.07876356326138179,9900,10000,0.9694659101806091,0.9754704924698523,0.9359,0.987
CT-11 & CT-3* to CT-9,CT-9,CT-3,r2kde,0.05181478469572649,0.054622856917817875,0.020300148165531624,0.09906371142691338,0.07876356326138176,9900,10000,0.9694659101806091,0.9754704924698523,0.9359,0.987
CT-8.2 & CT-3* to CT-2,CT-2,CT-8.2,r2kde,0.9532392544295096,0.9528354564389302,0.9102874942057912,0.9838873253313691,0.07359983112557789,9756,10000,0.9230571112033673,0.9768518328381766,1.0,1.0
CT-8.2 & CT-3* to CT-2,CT-2,CT-3,r2kde,0.04676074557049031,0.04716454356106978,0.01611267466863081,0.08971250579420867,0.07359983112557786,9756,10000,0.9230571112033673,0.9768518328381766,1.0,1.0
CT-4 & CT-3* to CT-2,CT-2,CT-4,r2kde,0.9440784966222446,0.944472049696915,0.9055808751100669,0.9741080928333063,0.06852721772323944,9996,10000,0.9407322612409931,0.9771444691159024,0.9999,1.0
CT-4 & CT-3* to CT-2,CT-2,CT-3,r2kde,0.05592150337775535,0.05552795030308512,0.025891907166693554,0.09441912488993309,0.06852721772323954,9996,10000,0.9407322612409931,0.9771444691159024,0.9999,1.0
CT-10 & CT-3* to CT-2,CT-2,CT-10,r2kde,0.9439875567927523,0.9453181957880972,0.9051850505748723,0.9756375539842974,0.0704525034094251,9985,10000,0.8982918234439901,0.9769683449640186,1.0,1.0
CT-10 & CT-3* to CT-2,CT-2,CT-3,r2kde,0.05601244320724773,0.05468180421190287,0.024362446015702626,0.09481494942512779,0.07045250340942516,9985,10000,0.8982918234439901,0.9769683449640186,1.0,1.0
CT-11 & CT-3* to CT-2,CT-2,CT-11,r2kde,0.948165722104243,0.9477892977019737,0.9073495356742266,0.9803688746173479,0.07301933894312129,9906,10000,0.9402218874227077,0.9768784508599143,0.9989,1.0
CT-11 & CT-3* to CT-2,CT-2,CT-3,r2kde,0.05183427789575696,0.05221070229802639,0.019631125382652163,0.09265046432577342,0.07301933894312126,9906,10000,0.9402218874227077,0.9768784508599143,0.9989,1.0
